,16,12,45,5,35,32,1,20,29,10,3,51,25,8,0,30,23,19,24,21,6,4,34,41,22,13,44,26,15,50,33,48,27,38,7,39,9,18,17,2,52,40,43,42,31,11,37,14,36,49,46,28,47
INTERFACE,5,1,5,7,7,5,5,7,5,5,5,7,5,1,5,5,7,7,7,3,1,5,1,5,7,5,1,5,3,5,3,3,1,7,1,7,3,7,1,7,7,1,3,1,7,6,3,3,1,1,3,3,7
SMALL_READ,low,low,medium,low,low,low,high,low,low,low,low,medium,low,low,high,low,low,low,low,low,low,low,low,medium,low,low,medium,low,low,medium,low,medium,low,low,low,medium,low,low,low,low,medium,medium,medium,medium,low,low,low,low,low,medium,medium,low,medium
MEDIUM_READ,low,low,low,low,low,low,low,low,low,low,low,low,low,low,low,low,low,low,low,low,low,low,low,low,low,low,low,low,low,low,low,low,low,low,low,low,low,low,low,low,low,low,low,low,low,low,low,low,low,low,low,low,low
LARGE_READ,low,low,low,low,low,low,low,low,low,low,low,medium,low,low,low,low,low,low,low,low,low,low,low,low,low,low,low,low,low,medium,low,low,low,medium,low,low,low,low,low,low,medium,low,low,low,low,low,medium,low,medium,medium,low,low,low
SMALL_WRITE,low,low,low,low,low,low,low,low,low,low,low,low,low,low,low,low,low,low,low,low,low,low,low,low,low,low,low,low,low,low,low,low,low,low,low,low,low,low,low,low,low,low,low,low,low,low,low,low,low,low,low,low,low
MEDIUM_WRITE,low,low,low,low,low,low,low,low,low,low,low,low,low,low,low,low,low,low,low,low,low,low,low,low,low,low,low,low,low,low,low,low,low,low,low,low,low,low,low,low,low,low,low,low,low,low,low,low,low,low,low,low,low
LARGE_WRITE,low,low,low,low,low,low,low,low,low,low,low,low,low,low,low,low,low,low,low,low,low,low,low,low,low,low,low,low,low,low,low,low,low,low,low,low,low,low,low,low,low,low,low,low,low,low,low,low,low,low,low,low,low
SMALL_IO,low,low,medium,low,medium,medium,medium,low,low,low,low,medium,low,low,high,low,low,low,low,low,low,low,medium,medium,low,low,medium,low,low,medium,medium,medium,low,medium,low,high,low,low,low,low,medium,medium,medium,medium,low,low,medium,low,low,low,medium,low,medium
MEDIUM_IO,low,low,low,low,low,low,medium,low,low,low,low,medium,low,low,low,low,low,low,low,low,low,low,low,low,low,low,low,low,low,medium,low,medium,low,medium,low,low,low,low,low,low,medium,low,low,low,low,low,medium,low,medium,medium,low,low,medium
LARGE_IO,low,low,low,low,low,low,low,low,low,low,low,low,low,low,low,low,low,low,low,low,low,low,low,low,low,low,low,low,low,low,low,low,low,low,low,low,low,low,low,low,low,low,low,low,low,low,low,low,low,low,low,low,low
BYTES_READ,medium,medium,medium,low,medium,high,high,medium,medium,low,low,medium,medium,low,high,medium,medium,medium,medium,medium,low,low,medium,high,medium,medium,medium,medium,medium,high,medium,medium,medium,medium,low,high,low,medium,medium,low,medium,high,medium,medium,medium,low,high,medium,high,high,medium,medium,high
BYTES_WRITTEN,low,low,medium,low,medium,medium,high,medium,medium,medium,low,high,medium,medium,low,medium,medium,low,medium,medium,low,low,medium,medium,medium,low,medium,medium,low,high,medium,medium,medium,low,low,high,medium,low,low,low,low,low,low,low,medium,medium,high,low,high,high,medium,medium,high
MD_HEAVINESS,low,low,low,low,medium,low,low,low,low,low,low,medium,low,low,low,low,low,medium,low,low,low,low,low,medium,low,low,low,low,low,medium,low,medium,low,medium,low,medium,low,medium,low,low,high,low,medium,low,medium,low,low,low,low,low,medium,low,medium
READ_HEAVINESS,low,low,medium,low,medium,high,medium,low,low,low,low,medium,low,low,high,medium,low,medium,low,low,low,low,medium,medium,low,low,medium,low,low,medium,low,medium,low,medium,low,medium,low,medium,medium,low,medium,high,medium,medium,medium,low,medium,low,medium,medium,medium,low,medium
WRITE_HEAVINESS,low,low,low,low,medium,low,low,low,low,low,low,medium,low,low,low,low,low,low,low,low,low,low,low,low,low,low,low,low,low,low,low,low,low,low,low,low,low,low,low,low,low,low,low,low,low,low,medium,low,low,low,low,low,low
SEQUENTIALITY,low,low,low,low,low,low,low,high,medium,low,high,high,low,high,low,medium,low,low,low,high,low,low,high,low,low,low,high,medium,low,low,low,medium,medium,low,low,high,high,low,low,high,low,low,low,low,low,low,medium,low,low,low,low,medium,high
SCALE,medium,low,medium,low,medium,medium,high,low,medium,low,medium,medium,medium,low,high,low,low,medium,low,medium,medium,low,medium,medium,low,low,medium,low,low,high,medium,medium,low,high,medium,low,low,medium,medium,low,high,medium,medium,high,medium,low,medium,low,medium,high,high,low,high
count,0.2255672666960624,0.1573864129041066,0.09800213641705517,0.0689981532353435,0.05376096112938607,0.04228925020616978,0.03877283318789216,0.03542061402618679,0.033660560597311213,0.030389517904023586,0.026777165059434088,0.02363526674772014,0.022030186576732978,0.021133555584664288,0.020803314951783024,0.019308929965001873,0.0182665503137286,0.014288903361259268,0.00805860941019761,0.0072081014115480905,0.006023662940543771,0.0058410158866038535,0.004062513260360608,0.0034094116735451426,0.0025496790762117895,0.0020866042222833095,0.0017305347130873072,0.0013615507657339368,0.0013301871302089003,0.0009316844670672602,0.0008080748447038812,0.000736122974969974,0.0005756149578712578,0.0005294919644520865,0.0004999732486638169,0.0004962834091902831,0.00031732619472389856,0.00023614972630615704,0.00022323528814878908,0.00010700534473247741,8.85561473648089e-05,7.379678947067408e-05,5.719251183977241e-05,4.796791315593815e-05,2.951871578826963e-05,2.0294117104435374e-05,1.2914438157367964e-05,1.2914438157367964e-05,1.1069518420601112e-05,1.1069518420601112e-05,9.22459868383426e-06,7.3796789470674075e-06,3.6898394735337038e-06
